<?xml version="1.0" encoding="UTF-8" standalone="yes"?>
<addon id="bromix.kodimon" name="kodimon" version="1.0.0~beta" provider-name="bromix">
	<requires>
		<import addon="xbmc.python" version="2.1.0"/>
	</requires>
	<extension point="xbmc.python.pluginsource" library="default.py">
		<provides>video</provides>
	</extension>
	<extension point="xbmc.addon.metadata">
        <summary lang="en">Kodi plugin framework tests</summary>
        <description lang="en">Kodimon is a framework for developing plugins</description>
        <disclaimer lang="en"></disclaimer>
		<platform>all</platform>
		<license>GNU GENERAL PUBLIC LICENSE. Version 2, June 1991</license>
	</extension>
</addon>
