<?xml version="1.0" encoding="UTF-8" standalone="yes"?>
<addon id="plugin.video.9gagtv" name="9GAG.TV" version="1.0.0" provider-name="bromix">
	<requires>
		<import addon="xbmc.python" version="2.1.0"/>
        <import addon="script.module.requests" version="2.3.0"/>
        <import addon="plugin.video.youtube" version="4.4.10" />
	</requires>
	<extension point="xbmc.python.pluginsource" library="default.py">
		<provides>video</provides>
	</extension>
	<extension point="xbmc.addon.metadata">
		<summary lang="en">Videos worth watching.</summary>
		<summary lang="de">Sehenswerte Videos.</summary>
		<description lang="en">Videos worth watching. Best videos on the web. Updated daily.</description>
		<description lang="de">Sehenswerte Videos. Die besten Videos im Internet. Täglich aktualisiert.</description>
		<disclaimer lang="en"></disclaimer>
		<language>de</language>
		<platform>all</platform>
		<license>GNU GENERAL PUBLIC LICENSE. Version 2, June 1991</license>
		<forum></forum>
		<website>http://www.9gag.tv/</website>
		<email>bromix at gmx dot net</email>
		<source>https://github.com/bromix/plugin.video.9gagtv</source>
	</extension>
</addon>
