<?xml version="1.0" encoding="UTF-8" standalone="yes"?>
<addon id="plugin.video.bromix.rtl_now" name="RTL NOW" version="1.0.2~beta3" provider-name="bromix">
	<requires>
		<import addon="xbmc.python" version="2.1.0"/>
	</requires>
	<extension point="xbmc.python.pluginsource" library="default.py">
		<provides>video</provides>
	</extension>
	<extension point="xbmc.addon.metadata">
		<summary lang="en">RTL NOW media library</summary>
		<summary lang="de">Mediathek für RTL NOW</summary>
		<description lang="en">With RTL NOW many series, shows, documentaries and magazines can be seen from the program of RTL.</description>
		<description lang="de">Mit RTL NOW können viele Serien, Shows, Dokumentationen und Magazine aus dem Programm von RTL geschaut werden.</description>
		<disclaimer lang="en"></disclaimer>
		<language>de</language>
		<platform>all</platform>
		<license>GNU GENERAL PUBLIC LICENSE. Version 2, June 1991</license>
		<forum></forum>
		<website>http://rtl-now.rtl.de</website>
		<email>bromix at gmx dot net</email>
		<source>https://github.com/bromix/plugin.video.bromix.rtl_now</source>
	</extension>
</addon>
