<?xml version="1.0" encoding="UTF-8" standalone="yes"?>
<addon id="plugin.video.netzkino_de" name="Netzkino.de" version="2.0.0" provider-name="bromix">
	<requires>
		<import addon="xbmc.python" version="2.5.0"/>
	</requires>
	<extension point="xbmc.python.pluginsource" library="default.py">
		<provides>video</provides>
	</extension>
	<extension point="xbmc.addon.metadata">
		<summary lang="en">Netzkino.de movies</summary>
		<summary lang="de">Filme von Netzkino.de</summary>
		<description lang="en">With Netzkino.de you can watch movies free and legal.</description>
		<description lang="de">Mit Netzkino.de kannst du kostenlos und legal Spielfilme schauen.</description>
		<disclaimer lang="en"></disclaimer>
		<language>de</language>
		<platform>all</platform>
		<license>GNU GENERAL PUBLIC LICENSE. Version 2, June 1991</license>
		<forum></forum>
		<website>http://www.netzkino.de/</website>
		<email>bromix at gmx dot net</email>
		<source>https://github.com/bromix/plugin.video.netzkino_de</source>
	</extension>
</addon>
