<?xml version="1.0" encoding="UTF-8" standalone="yes"?>
<addon id="repository.bromix" name="Bromix Add-ons" version="1.1.2" provider-name="bromix">
    <extension point="xbmc.addon.repository" name="Bromix Add-ons">
		<info compressed="false">https://raw.githubusercontent.com/bromix/repository.bromix/master/addons.xml</info>		      
		<checksum>https://raw.githubusercontent.com/bromix/repository.bromix/master/addons.xml.md5</checksum>		          
		<datadir zip="false">https://raw.githubusercontent.com/bromix/repository.bromix/master</datadir>
	</extension>
	<extension point="xbmc.addon.metadata">
		<summary>Bromix Add-ons</summary>
		<summary lang="de">Bromix Add-ons</summary>
		<description>Repository for testing new add-ons. Some are final others may be in beta or alpha status.</description>
		<description lang="de">Repository für die Erprobung neuer Add-ons. Einige sind endgültig andere können in der Beta-oder Alpha-Status.</description>
		<platform>all</platform>
	</extension>
</addon>