<?xml version="1.0" encoding="UTF-8" standalone="yes"?>
<addon id="repository.bromix" name="Repository of bromix (let's cook)" version="1.0.0" provider-name="bromix">
	<extension point="xbmc.addon.repository" name="Repository of bromix (let's cook)">
		<info compressed="false">https://raw.github.com/bromix/repository.bromix/master/addons.xml</info>
		<checksum>https://raw.github.com/bromix/repository.bromix/master/addons.xml.md5</checksum>
		<datadir zip="false">https://raw.github.com/bromix/repository.bromix/master/</datadir>
	</extension>
	<extension point="xbmc.addon.metadata">
		<summary>Repository of bromix (let's cook)</summary>
		<description>Repository of bromix (let's cook)</description>
		<platform>all</platform>
	</extension>
</addon>
