<?xml version="1.0" encoding="UTF-8" standalone="yes"?>
<addon id="plugin.video.bromix.break" name="Break Videos" version="1.0.0" provider-name="bromix">
	<requires>
		<import addon="xbmc.python" version="2.1.0"/>
		<import addon="plugin.video.youtube" version="3.1.0"/>
	</requires>
	<extension point="xbmc.python.pluginsource" library="default.py">
		<provides>video</provides>
	</extension>
	<extension point="xbmc.addon.metadata">
		<summary lang="en">Watch funny videos from break.com</summary>
		<summary lang="de">Schaue lustige Videos von break.com</summary>
		<description lang="en">Break is the #1 source for funny videos. Get the hilarious videos today that will be viral tomorrow. Get the most awesome videos on Earth today, because being bored sucks.</description>
		<description lang="de">Break ist die Nr. 1 Quelle für lustige Videos. Schaue die lustigen Videos, die morgen schon viral gehen. Hole dir die eindrucksvollsten Videos der Erde heute, denn Langeweile ist blöd.</description>
		<disclaimer lang="en"></disclaimer>
		<language>de</language>
		<platform>all</platform>
		<license>GNU GENERAL PUBLIC LICENSE. Version 2, June 1991</license>
		<forum></forum>
		<website>http://www.break.com/</website>
		<email>bromix at gmx dot net</email>
		<source>https://github.com/bromix/plugin.video.bromix.break</source>
	</extension>
</addon>
