<?xml version="1.0" encoding="UTF-8" standalone="yes"?>
<addon id="plugin.video.bromix.rtl2_now" name="RTL II NOW" version="2.0.1" provider-name="bromix">
	<requires>
		<import addon="xbmc.python" version="2.1.0"/>
        <import addon="script.module.requests" version="2.3.0"/>
	</requires>
	<extension point="xbmc.python.pluginsource" library="default.py">
		<provides>video</provides>
	</extension>
	<extension point="xbmc.addon.metadata">
		<summary lang="en">RTL II NOW media library</summary>
		<summary lang="de">Mediathek für RTL II NOW</summary>
		<description lang="en">With RTL II NOW many series, shows, documentaries and magazines can be seen from the program of RTL II.</description>
		<description lang="de">Mit RTL II NOW können viele Serien, Shows, Dokumentationen und Magazine aus dem Programm von RTL II geschaut werden.</description>
		<disclaimer lang="en"></disclaimer>
		<language>de</language>
		<platform>all</platform>
		<license>GNU GENERAL PUBLIC LICENSE. Version 2, June 1991</license>
		<forum></forum>
		<website>http://rtl2now.rtl2.de</website>
		<email>bromix at gmx dot net</email>
		<source>https://github.com/bromix/plugin.video.bromix.rtl2_now</source>
	</extension>
</addon>
